{
    "step_size": 0.05000000074505806,
    "opacity_correction": 0.5,
    "shading": false,
    "light_color": [
        1.0,
        0.9999899864196777,
        0.9999899864196777
    ],
    "k_ambient": 0.10000000149011612,
    "k_diffuse": 0.8999999761581421,
    "k_specular": 0.10000000149011612,
    "shininess": 1.149999976158142,
    "background_color": [
        9.999999974752428e-7,
        9.999899930335233e-7,
        9.999899930335233e-7
    ],
    "camera_phi": -1.5707963705062867,
    "camera_theta": 0.0,
    "camera_radius": 39.81206130981445,
    "volume": 4,
    "transfer_function_range_x": 256,
    "transfer_function_range_y": 255,
    "transfer_function_cps": [
        {
            "color": [
                1.0,
                0.0,
                0.0
            ],
            "cp": [
                0,
                0,
                89,
                0,
                127,
                200,
                255,
                200
            ]
        },
        {
            "color": [
                0.0,
                0.0,
                1.0
            ],
            "cp": [
                0,
                0,
                18,
                0,
                24,
                21,
                37,
                21,
                45,
                0,
                255,
                0
            ]
        },
        {
            "color": [
                0.0,
                1.0,
                0.0
            ],
            "cp": [
                0,
                0,
                52,
                0,
                60,
                47,
                81,
                49,
                90,
                0,
                255,
                0
            ]
        }
    ],
    "lookup-table": [
        0.0,
        0.0,
        0.0,
        0.0,
        0.0,
        0.0,
        0.0,
        0.0,
        0.0,
        0.0,
        0.0,
        0.0,
        0.0,
        0.0,
        0.0,
        0.0,
        0.0,
        0.0,
        0.0,
        0.0,
        0.0,
        0.0,
        0.0,
        0.0,
        0.0,
        0.0,
        0.0,
        0.0,
        0.0,
        0.0,
        0.0,
        0.0,
        0.0,
        0.0,
        0.0,
        0.0,
        0.0,
        0.0,
        0.0,
        0.0,
        0.0,
        0.0,
        0.0,
        0.0,
        0.0,
        0.0,
        0.0,
        0.0,
        0.0,
        0.0,
        0.0,
        0.0,
        0.0,
        0.0,
        0.0,
        0.0,
        0.0,
        0.0,
        0.0,
        0.0,
        0.0,
        0.0,
        0.0,
        0.0,
        0.0,
        0.0,
        0.0,
        0.0,
        0.0,
        0.0,
        0.0,
        0.0,
        0.0,
        0.0,
        0.0,
        0.0,
        0.0,
        0.0,
        1.0,
        0.013725490309298039,
        0.0,
        0.0,
        1.0,
        0.027450980618596078,
        0.0,
        0.0,
        1.0,
        0.04117647185921669,
        0.0,
        0.0,
        1.0,
        0.054901961237192157,
        0.0,
        0.0,
        1.0,
        0.06862745434045792,
        0.0,
        0.0,
        1.0,
        0.08235294371843338,
        0.0,
        0.0,
        1.0,
        0.08235294371843338,
        0.0,
        0.0,
        1.0,
        0.08235294371843338,
        0.0,
        0.0,
        1.0,
        0.08235294371843338,
        0.0,
        0.0,
        1.0,
        0.08235294371843338,
        0.0,
        0.0,
        1.0,
        0.08235294371843338,
        0.0,
        0.0,
        1.0,
        0.08235294371843338,
        0.0,
        0.0,
        1.0,
        0.08235294371843338,
        0.0,
        0.0,
        1.0,
        0.08235294371843338,
        0.0,
        0.0,
        1.0,
        0.08235294371843338,
        0.0,
        0.0,
        1.0,
        0.08235294371843338,
        0.0,
        0.0,
        1.0,
        0.08235294371843338,
        0.0,
        0.0,
        1.0,
        0.08235294371843338,
        0.0,
        0.0,
        1.0,
        0.08235294371843338,
        0.0,
        0.0,
        1.0,
        0.07205882668495178,
        0.0,
        0.0,
        1.0,
        0.061764705926179889,
        0.0,
        0.0,
        1.0,
        0.05147058889269829,
        0.0,
        0.0,
        1.0,
        0.04117647185921669,
        0.0,
        0.0,
        1.0,
        0.030882352963089944,
        0.0,
        0.0,
        1.0,
        0.020588235929608346,
        0.0,
        0.0,
        1.0,
        0.010294117964804173,
        0.0,
        0.0,
        0.0,
        0.0,
        0.0,
        0.0,
        0.0,
        0.0,
        0.0,
        0.0,
        0.0,
        0.0,
        0.0,
        0.0,
        0.0,
        0.0,
        0.0,
        0.0,
        0.0,
        0.0,
        0.0,
        0.0,
        0.0,
        0.0,
        0.0,
        0.0,
        0.0,
        0.0,
        0.0,
        0.0,
        0.0,
        0.0,
        0.0,
        1.0,
        0.0,
        0.023039216175675393,
        0.0,
        1.0,
        0.0,
        0.046078432351350787,
        0.0,
        1.0,
        0.0,
        0.06911765038967133,
        0.0,
        1.0,
        0.0,
        0.09215686470270157,
        0.0,
        1.0,
        0.0,
        0.11519607901573181,
        0.0,
        1.0,
        0.0,
        0.13823530077934266,
        0.0,
        1.0,
        0.0,
        0.1612745076417923,
        0.0,
        1.0,
        0.0,
        0.18431372940540315,
        0.0,
        1.0,
        0.0,
        0.18468721210956574,
        0.0,
        1.0,
        0.0,
        0.18506069481372834,
        0.0,
        1.0,
        0.0,
        0.18543416261672975,
        0.0,
        1.0,
        0.0,
        0.18580764532089234,
        0.0,
        1.0,
        0.0,
        0.18618112802505494,
        0.0,
        1.0,
        0.0,
        0.18655462563037873,
        0.0,
        1.0,
        0.0,
        0.18692810833454133,
        0.0,
        1.0,
        0.0,
        0.18730159103870393,
        0.0,
        1.0,
        0.0,
        0.18767507374286652,
        0.0,
        1.0,
        0.0,
        0.1880485564470291,
        0.0,
        1.0,
        0.0,
        0.1884220391511917,
        0.0,
        1.0,
        0.0,
        0.1887955218553543,
        0.0,
        1.0,
        0.0,
        0.1891690045595169,
        0.0,
        1.0,
        0.0,
        0.1895424723625183,
        0.0,
        1.0,
        0.0,
        0.1899159550666809,
        0.0,
        1.0,
        0.0,
        0.1902894526720047,
        0.0,
        1.0,
        0.0,
        0.1906629353761673,
        0.0,
        1.0,
        0.0,
        0.1910364180803299,
        0.0,
        1.0,
        0.0,
        0.1914099007844925,
        0.0,
        1.0,
        0.0,
        0.1917833834886551,
        0.0,
        1.0,
        0.0,
        0.1921568661928177,
        0.0,
        1.0,
        0.0,
        0.17080610990524293,
        0.0,
        1.0,
        0.0,
        0.14945533871650697,
        0.0,
        1.0,
        0.0,
        0.1281045824289322,
        0.0,
        1.0,
        0.0,
        0.10675381124019623,
        0.0,
        1.0,
        0.0,
        0.08540305495262146,
        0.0,
        1.0,
        0.0,
        0.0640522912144661,
        0.0,
        1.0,
        0.0,
        0.04270152747631073,
        0.0,
        1.0,
        0.0,
        0.021350763738155366,
        1.0,
        0.0,
        0.0,
        0.02063983492553234,
        1.0,
        0.0,
        0.0,
        0.04127966985106468,
        1.0,
        0.0,
        0.0,
        0.061919502913951877,
        1.0,
        0.0,
        0.0,
        0.08255933970212937,
        1.0,
        0.0,
        0.0,
        0.10319917649030686,
        1.0,
        0.0,
        0.0,
        0.12383900582790375,
        1.0,
        0.0,
        0.0,
        0.14447884261608125,
        1.0,
        0.0,
